{"cameraMode":{"drawMode":0,"name":"Shaded","section":"Shading Mode"},"sceneLighting":false,"audioPlay":false,"sceneViewState":{"m_AlwaysRefresh":false,"showFog":true,"showSkybox":false,"showFlares":true,"showImageEffects":true,"showParticleSystems":true,"showVisualEffectGraphs":true,"m_FxEnabled":true},"in2DMode":false,"pivot":{"x":1.5766043663024903,"y":1.9056249856948853,"z":1.9504597187042237},"rotation":{"x":0.0449843592941761,"y":0.004495429806411266,"z":-0.00020243097969796509,"w":0.9989776015281677},"size":1.7030644416809083,"orthographic":false}