{"cameraMode":{"drawMode":0,"name":"Shaded","section":"Shading Mode"},"sceneLighting":true,"audioPlay":false,"sceneViewState":{"m_AlwaysRefresh":false,"showFog":true,"showSkybox":true,"showFlares":true,"showImageEffects":true,"showParticleSystems":true,"showVisualEffectGraphs":true,"m_FxEnabled":true},"in2DMode":false,"pivot":{"x":0.31652137637138369,"y":3.812458038330078,"z":-17.694355010986329},"rotation":{"x":0.009730605408549309,"y":0.9182350039482117,"z":-0.3952784240245819,"w":0.022603876888751985},"size":9.097343444824219,"orthographic":false}