{"cameraMode":{"drawMode":0,"name":"Shaded","section":"Shading Mode"},"sceneLighting":true,"audioPlay":false,"sceneViewState":{"m_AlwaysRefresh":false,"showFog":true,"showSkybox":true,"showFlares":true,"showImageEffects":true,"showParticleSystems":true,"showVisualEffectGraphs":true,"m_FxEnabled":true},"in2DMode":false,"pivot":{"x":-0.2000001072883606,"y":3.962789535522461,"z":-21.831064224243165},"rotation":{"x":0.12817803025245667,"y":0.08437652140855789,"z":-0.010942022316157818,"w":0.9881054759025574},"size":5.085923671722412,"orthographic":true}