{"cameraMode":{"drawMode":0,"name":"Shaded","section":"Shading Mode"},"sceneLighting":true,"audioPlay":false,"sceneViewState":{"m_AlwaysRefresh":false,"showFog":true,"showSkybox":true,"showFlares":true,"showImageEffects":true,"showParticleSystems":true,"showVisualEffectGraphs":true,"m_FxEnabled":true},"in2DMode":false,"pivot":{"x":170.39996337890626,"y":399.333740234375,"z":0.00011654726404231042},"rotation":{"x":0.09728825092315674,"y":-0.034643497318029407,"z":0.003387896344065666,"w":0.9946615099906921},"size":337.2616882324219,"orthographic":true}