{"cameraMode":{"drawMode":0,"name":"Shaded","section":"Shading Mode"},"sceneLighting":false,"audioPlay":false,"sceneViewState":{"m_AlwaysRefresh":false,"showFog":true,"showSkybox":false,"showFlares":true,"showImageEffects":true,"showParticleSystems":true,"showVisualEffectGraphs":true,"m_FxEnabled":true},"in2DMode":false,"pivot":{"x":2.702113151550293,"y":1.6555273532867432,"z":-24.052780151367189},"rotation":{"x":-0.09864509850740433,"y":0.18164190649986268,"z":-0.018317703157663347,"w":-0.9782373309135437},"size":0.7866541743278503,"orthographic":false}