{"cameraMode":{"drawMode":0,"name":"Shaded","section":"Shading Mode"},"sceneLighting":false,"audioPlay":false,"sceneViewState":{"m_AlwaysRefresh":false,"showFog":true,"showSkybox":false,"showFlares":true,"showImageEffects":true,"showParticleSystems":true,"showVisualEffectGraphs":true,"m_FxEnabled":true},"in2DMode":false,"pivot":{"x":0.9025509357452393,"y":1.4014015197753907,"z":1.1598320007324219},"rotation":{"x":-0.06328225135803223,"y":0.5055671334266663,"z":-0.03726440668106079,"w":-0.8597280383110046},"size":0.42193081974983218,"orthographic":false}