{"cameraMode":{"drawMode":0,"name":"Shaded","section":"Shading Mode"},"sceneLighting":false,"audioPlay":false,"sceneViewState":{"m_AlwaysRefresh":false,"showFog":true,"showSkybox":false,"showFlares":true,"showImageEffects":true,"showParticleSystems":true,"showVisualEffectGraphs":true,"m_FxEnabled":true},"in2DMode":false,"pivot":{"x":-2.211996555328369,"y":1.4150545597076417,"z":0.24823299050331117},"rotation":{"x":-0.06328225135803223,"y":0.5055671334266663,"z":-0.03726440668106079,"w":-0.8597280383110046},"size":0.49818453192710879,"orthographic":false}